"carat","cut","color","clarity","depth","table","x","y","z"
"0.23","Ideal","E","SI2","61.5","55","3.95","3.98","2.43"
"0.21","Premium","E","SI1","59.8","61","3.89","3.84","2.31"
"0.23","Good","E","VS1","56.9","65","4.05","4.07","2.31"
"0.29","Premium","I","VS2","62.4","58","4.2","4.23","2.63"
"0.31","Good","J","SI2","63.3","58","4.34","4.35","2.75"
"0.24","Very Good","J","VVS2","62.8","57","3.94","3.96","2.48"
"0.24","Very Good","I","VVS1","62.3","57","3.95","3.98","2.47"
"0.26","Very Good","H","SI1","61.9","55","4.07","4.11","2.53"
"0.22","Fair","E","VS2","65.1","61","3.87","3.78","2.49"
"0.23","Very Good","H","VS1","59.4","61","4","4.05","2.39"
"0.3","Good","J","SI1","64","55","4.25","4.28","2.73"
"0.23","Ideal","J","VS1","62.8","56","3.93","3.9","2.46"
"0.22","Premium","F","SI1","60.4","61","3.88","3.84","2.33"
"0.31","Ideal","J","SI2","62.2","54","4.35","4.37","2.71"
"0.2","Premium","E","SI2","60.2","62","3.79","3.75","2.27"
"0.32","Premium","E","I1","60.9","58","4.38","4.42","2.68"
"0.3","Ideal","I","SI2","62","54","4.31","4.34","2.68"
"0.3","Good","J","SI1","63.4","54","4.23","4.29","2.7"
"0.3","Good","J","SI1","63.8","56","4.23","4.26","2.71"
"0.3","Very Good","J","SI1","62.7","59","4.21","4.27","2.66"
"0.3","Good","I","SI2","63.3","56","4.26","4.3","2.71"
"0.23","Very Good","E","VS2","63.8","55","3.85","3.92","2.48"
"0.23","Very Good","H","VS1","61","57","3.94","3.96","2.41"
"0.31","Very Good","J","SI1","59.4","62","4.39","4.43","2.62"
"0.31","Very Good","J","SI1","58.1","62","4.44","4.47","2.59"
"0.23","Very Good","G","VVS2","60.4","58","3.97","4.01","2.41"
"0.24","Premium","I","VS1","62.5","57","3.97","3.94","2.47"
"0.3","Very Good","J","VS2","62.2","57","4.28","4.3","2.67"
"0.23","Very Good","D","VS2","60.5","61","3.96","3.97","2.4"
"0.23","Very Good","F","VS1","60.9","57","3.96","3.99","2.42"
"0.23","Very Good","F","VS1","60","57","4","4.03","2.41"
"0.23","Very Good","F","VS1","59.8","57","4.04","4.06","2.42"
"0.23","Very Good","E","VS1","60.7","59","3.97","4.01","2.42"
"0.23","Very Good","E","VS1","59.5","58","4.01","4.06","2.4"
"0.23","Very Good","D","VS1","61.9","58","3.92","3.96","2.44"
"0.23","Good","F","VS1","58.2","59","4.06","4.08","2.37"
"0.23","Good","E","VS1","64.1","59","3.83","3.85","2.46"
"0.31","Good","H","SI1","64","54","4.29","4.31","2.75"
"0.26","Very Good","D","VS2","60.8","59","4.13","4.16","2.52"
"0.33","Ideal","I","SI2","61.8","55","4.49","4.51","2.78"
"0.33","Ideal","I","SI2","61.2","56","4.49","4.5","2.75"
"0.33","Ideal","J","SI1","61.1","56","4.49","4.55","2.76"
"0.26","Good","D","VS2","65.2","56","3.99","4.02","2.61"
"0.26","Good","D","VS1","58.4","63","4.19","4.24","2.46"
"0.32","Good","H","SI2","63.1","56","4.34","4.37","2.75"
"0.29","Premium","F","SI1","62.4","58","4.24","4.26","2.65"
"0.32","Very Good","H","SI2","61.8","55","4.35","4.42","2.71"
"0.32","Good","H","SI2","63.8","56","4.36","4.38","2.79"
"0.25","Very Good","E","VS2","63.3","60","4","4.03","2.54"
"0.29","Very Good","H","SI2","60.7","60","4.33","4.37","2.64"
"0.24","Very Good","F","SI1","60.9","61","4.02","4.03","2.45"
"0.23","Ideal","G","VS1","61.9","54","3.93","3.95","2.44"
"0.32","Ideal","I","SI1","60.9","55","4.45","4.48","2.72"
"0.22","Premium","E","VS2","61.6","58","3.93","3.89","2.41"
"0.22","Premium","D","VS2","59.3","62","3.91","3.88","2.31"
"0.3","Ideal","I","SI2","61","59","4.3","4.33","2.63"
"0.3","Premium","J","SI2","59.3","61","4.43","4.38","2.61"
"0.3","Very Good","I","SI1","62.6","57","4.25","4.28","2.67"
"0.3","Very Good","I","SI1","63","57","4.28","4.32","2.71"
"0.3","Good","I","SI1","63.2","55","4.25","4.29","2.7"
"0.35","Ideal","I","VS1","60.9","57","4.54","4.59","2.78"
"0.3","Premium","D","SI1","62.6","59","4.23","4.27","2.66"
"0.3","Ideal","D","SI1","62.5","57","4.29","4.32","2.69"
"0.3","Ideal","D","SI1","62.1","56","4.3","4.33","2.68"
"0.42","Premium","I","SI2","61.5","59","4.78","4.84","2.96"
"0.28","Ideal","G","VVS2","61.4","56","4.19","4.22","2.58"
"0.32","Ideal","I","VVS1","62","55.3","4.39","4.42","2.73"
"0.31","Very Good","G","SI1","63.3","57","4.33","4.3","2.73"
"0.31","Premium","G","SI1","61.8","58","4.35","4.32","2.68"
"0.24","Premium","E","VVS1","60.7","58","4.01","4.03","2.44"
"0.24","Very Good","D","VVS1","61.5","60","3.97","4","2.45"
"0.3","Very Good","H","SI1","63.1","56","4.29","4.27","2.7"
"0.3","Premium","H","SI1","62.9","59","4.28","4.24","2.68"
"0.3","Premium","H","SI1","62.5","57","4.29","4.25","2.67"
"0.3","Good","H","SI1","63.7","57","4.28","4.26","2.72"
"0.26","Very Good","F","VVS2","59.2","60","4.19","4.22","2.49"
"0.26","Very Good","E","VVS2","59.9","58","4.15","4.23","2.51"
"0.26","Very Good","D","VVS2","62.4","54","4.08","4.13","2.56"
"0.26","Very Good","D","VVS2","62.8","60","4.01","4.05","2.53"
"0.26","Very Good","E","VVS1","62.6","59","4.06","4.09","2.55"
"0.26","Very Good","E","VVS1","63.4","59","4","4.04","2.55"
"0.26","Very Good","D","VVS1","62.1","60","4.03","4.12","2.53"
"0.26","Ideal","E","VVS2","62.9","58","4.02","4.06","2.54"
"0.38","Ideal","I","SI2","61.6","56","4.65","4.67","2.87"
"0.26","Good","E","VVS1","57.9","60","4.22","4.25","2.45"
"0.24","Premium","G","VVS1","62.3","59","3.95","3.92","2.45"
"0.24","Premium","H","VVS1","61.2","58","4.01","3.96","2.44"
"0.24","Premium","H","VVS1","60.8","59","4.02","4","2.44"
"0.24","Premium","H","VVS2","60.7","58","4.07","4.04","2.46"
"0.32","Premium","I","SI1","62.9","58","4.35","4.33","2.73"
"0.7","Ideal","E","SI1","62.5","57","5.7","5.72","3.57"
"0.86","Fair","E","SI2","55.1","69","6.45","6.33","3.52"
"0.7","Ideal","G","VS2","61.6","56","5.7","5.67","3.5"
"0.71","Very Good","E","VS2","62.4","57","5.68","5.73","3.56"
"0.78","Very Good","G","SI2","63.8","56","5.81","5.85","3.72"
"0.7","Good","E","VS2","57.5","58","5.85","5.9","3.38"
"0.7","Good","F","VS1","59.4","62","5.71","5.76","3.4"
"0.96","Fair","F","SI2","66.3","62","6.27","5.95","4.07"
"0.73","Very Good","E","SI1","61.6","59","5.77","5.78","3.56"
"0.8","Premium","H","SI1","61.5","58","5.97","5.93","3.66"
"0.75","Very Good","D","SI1","63.2","56","5.8","5.75","3.65"
"0.75","Premium","E","SI1","59.9","54","6","5.96","3.58"
"0.74","Ideal","G","SI1","61.6","55","5.8","5.85","3.59"
"0.75","Premium","G","VS2","61.7","58","5.85","5.79","3.59"
"0.8","Ideal","I","VS1","62.9","56","5.94","5.87","3.72"
"0.75","Ideal","G","SI1","62.2","55","5.87","5.8","3.63"
"0.8","Premium","G","SI1","63","59","5.9","5.81","3.69"
"0.74","Ideal","I","VVS2","62.3","55","5.77","5.81","3.61"
"0.81","Ideal","F","SI2","58.8","57","6.14","6.11","3.6"
"0.59","Ideal","E","VVS2","62","55","5.38","5.43","3.35"
"0.8","Ideal","F","SI2","61.4","57","5.96","6","3.67"
"0.74","Ideal","E","SI2","62.2","56","5.8","5.84","3.62"
"0.9","Premium","I","VS2","63","58","6.16","6.12","3.87"
"0.74","Very Good","G","SI1","62.2","59","5.73","5.82","3.59"
"0.73","Ideal","F","VS2","62.6","56","5.77","5.74","3.6"
"0.73","Ideal","F","VS2","62.7","53","5.8","5.75","3.62"
"0.8","Premium","F","SI2","61.7","58","5.98","5.94","3.68"
"0.71","Ideal","G","VS2","62.4","54","5.72","5.76","3.58"
"0.7","Ideal","E","VS2","60.7","58","5.73","5.76","3.49"
"0.8","Ideal","F","SI2","59.9","59","6.01","6.07","3.62"
"0.71","Ideal","D","SI2","62.3","56","5.73","5.69","3.56"
"0.74","Ideal","E","SI1","62.3","54","5.8","5.83","3.62"
"0.7","Very Good","F","VS2","61.7","63","5.64","5.61","3.47"
"0.7","Fair","F","VS2","64.5","57","5.57","5.53","3.58"
"0.7","Fair","F","VS2","65.3","55","5.63","5.58","3.66"
"0.7","Premium","F","VS2","61.6","60","5.65","5.59","3.46"
"0.91","Premium","H","SI1","61.4","56","6.09","5.97","3.7"
"0.61","Very Good","D","VVS2","59.6","57","5.56","5.58","3.32"
"0.91","Fair","H","SI2","64.4","57","6.11","6.09","3.93"
"0.91","Fair","H","SI2","65.7","60","6.03","5.99","3.95"
"0.77","Ideal","H","VS2","62","56","5.89","5.86","3.64"
"0.71","Very Good","D","SI1","63.6","58","5.64","5.68","3.6"
"0.71","Ideal","D","SI1","61.9","59","5.69","5.72","3.53"
"0.7","Very Good","E","VS2","62.6","60","5.62","5.65","3.53"
"0.77","Very Good","H","VS1","61.3","60","5.88","5.9","3.61"
"0.63","Premium","E","VVS1","60.9","60","5.52","5.55","3.37"
"0.71","Very Good","F","VS1","60.1","62","5.74","5.77","3.46"
"0.71","Premium","F","VS1","61.8","59","5.69","5.73","3.53"
"0.76","Ideal","H","SI1","61.2","57","5.88","5.91","3.61"
"0.64","Ideal","G","VVS1","61.9","56","5.53","5.56","3.43"
"0.71","Premium","G","VS2","60.9","57","5.78","5.75","3.51"
"0.71","Premium","G","VS2","59.8","56","5.89","5.81","3.5"
"0.7","Very Good","D","VS2","61.8","55","5.68","5.72","3.52"
"0.7","Very Good","F","VS1","60","57","5.8","5.87","3.5"
"0.71","Ideal","D","SI2","61.6","55","5.74","5.76","3.54"
"0.7","Good","H","VVS2","62.1","64","5.62","5.65","3.5"
"0.71","Very Good","G","VS1","63.3","59","5.52","5.61","3.52"
"0.73","Very Good","D","SI1","60.2","56","5.83","5.87","3.52"
"0.7","Very Good","D","SI1","61.1","58","5.66","5.73","3.48"
"0.7","Ideal","E","SI1","60.9","57","5.73","5.76","3.5"
"0.71","Premium","D","SI2","61.7","59","5.71","5.67","3.51"
"0.74","Ideal","I","SI1","61.3","56","5.82","5.86","3.57"
"0.71","Premium","D","VS2","62.5","60","5.65","5.61","3.52"
"0.73","Premium","G","VS2","61.4","59","5.83","5.76","3.56"
"0.76","Very Good","F","SI1","62.9","57","5.79","5.81","3.65"
"0.76","Ideal","D","SI2","62.4","57","5.78","5.83","3.62"
"0.71","Ideal","F","SI1","60.7","56","5.77","5.8","3.51"
"0.73","Premium","G","VS2","60.7","58","5.87","5.82","3.55"
"0.73","Premium","G","VS1","61.5","58","5.79","5.75","3.55"
"0.73","Ideal","D","SI2","59.9","57","5.92","5.89","3.54"
"0.73","Premium","G","VS2","59.2","59","5.92","5.87","3.49"
"0.72","Very Good","H","VVS2","60.3","56","5.81","5.83","3.51"
"0.73","Very Good","F","SI1","61.7","60","5.79","5.82","3.58"
"0.71","Ideal","G","VS2","61.9","57","5.73","5.77","3.56"
"0.79","Ideal","F","SI2","61.9","55","5.97","5.92","3.68"
"0.73","Very Good","H","VVS1","60.4","59","5.83","5.89","3.54"
"0.8","Very Good","F","SI2","61","57","6.01","6.03","3.67"
"0.58","Ideal","G","VVS1","61.5","55","5.39","5.44","3.33"
"0.58","Ideal","F","VVS1","61.7","56","5.33","5.37","3.3"
"0.71","Good","E","VS2","59.2","61","5.8","5.88","3.46"
"0.75","Ideal","D","SI2","61.3","56","5.85","5.89","3.6"
"0.7","Premium","D","VS2","58","62","5.87","5.78","3.38"
"1.17","Very Good","J","I1","60.2","61","6.83","6.9","4.13"
"0.6","Ideal","E","VS1","61.7","55","5.41","5.44","3.35"
"0.7","Ideal","E","SI1","62.7","55","5.68","5.74","3.58"
"0.83","Good","I","VS2","64.6","54","5.85","5.88","3.79"
"0.74","Very Good","F","VS2","61.3","61","5.8","5.84","3.57"
"0.72","Very Good","G","VS2","63.7","56.4","5.62","5.69","3.61"
"0.71","Premium","E","VS2","62.7","58","5.74","5.68","3.58"
"0.71","Ideal","E","VS2","62.2","57","5.79","5.62","3.55"
"0.54","Ideal","E","VVS2","61.6","56","5.25","5.27","3.24"
"0.54","Ideal","E","VVS2","61.5","57","5.24","5.26","3.23"
"0.72","Ideal","G","SI1","61.8","56","5.72","5.75","3.55"
"0.72","Ideal","G","SI1","60.7","56","5.79","5.82","3.53"
"0.72","Good","G","VS2","59.7","60.5","5.8","5.84","3.47"
"0.71","Ideal","G","SI1","60.5","56","5.8","5.76","3.5"
"0.7","Very Good","D","VS1","62.7","58","5.66","5.73","3.57"
"0.71","Premium","F","VS2","62.1","58","5.67","5.7","3.53"
"0.71","Very Good","F","VS2","62.8","57","5.64","5.69","3.56"
"0.71","Good","F","VS2","63.8","58","5.61","5.64","3.59"
"0.71","Good","F","VS2","57.8","60","5.87","5.9","3.4"
"0.7","Ideal","E","VS2","62.1","55","5.7","5.67","3.53"
"0.7","Premium","E","VS2","61.1","60","5.71","5.64","3.47"
"0.7","Premium","E","SI1","60","59","5.79","5.75","3.46"
"0.7","Premium","E","SI1","61.2","57","5.73","5.68","3.49"
"0.7","Premium","E","SI1","62.7","59","5.67","5.63","3.54"
"0.7","Premium","E","SI1","61","57","5.73","5.68","3.48"
"0.7","Premium","E","SI1","61","58","5.78","5.72","3.51"
"0.7","Ideal","E","SI1","61.4","57","5.76","5.7","3.52"
"0.72","Premium","F","SI1","61.8","61","5.82","5.71","3.56"
"0.7","Very Good","E","SI1","59.9","63","5.76","5.7","3.43"
"0.7","Premium","E","SI1","61.3","58","5.71","5.68","3.49"
"0.7","Premium","E","SI1","60.5","58","5.77","5.74","3.48"
"0.7","Good","E","VS2","64.1","59","5.64","5.59","3.6"
"0.98","Fair","H","SI2","67.9","60","6.05","5.97","4.08"
"0.78","Premium","F","SI1","62.4","58","5.83","5.8","3.63"
"0.7","Very Good","E","SI1","63.2","60","5.6","5.51","3.51"
"0.52","Ideal","F","VVS1","61.3","55","5.19","5.22","3.19"
"0.73","Very Good","H","VS2","60.8","56","5.82","5.84","3.55"
"0.74","Ideal","E","SI1","61.7","56","5.84","5.8","3.59"
"0.7","Very Good","F","VS2","63.6","57","5.61","5.65","3.58"
"0.77","Premium","G","VS2","61.2","58","5.9","5.93","3.62"
"0.71","Ideal","F","VS2","62.1","54","5.68","5.72","3.54"
"0.74","Ideal","G","VS1","61.5","55","5.81","5.86","3.59"
"0.7","Ideal","G","VS1","61.4","59","5.64","5.73","3.49"
"1.01","Premium","F","I1","61.8","60","6.39","6.36","3.94"
"0.77","Ideal","H","SI1","62.2","56","5.83","5.88","3.64"
"0.78","Ideal","H","SI1","61.2","56","5.92","5.99","3.64"
"0.72","Very Good","H","VS1","60.6","63","5.83","5.76","3.51"
"0.53","Very Good","D","VVS2","57.5","64","5.34","5.37","3.08"
"0.76","Ideal","G","VS2","61.3","56","5.9","5.94","3.63"
"0.7","Good","E","VS1","57.2","62","5.81","5.77","3.31"
"0.7","Premium","E","VS1","62.9","60","5.62","5.54","3.51"
"0.75","Very Good","D","SI2","63.1","58","5.78","5.73","3.63"
"0.72","Ideal","D","SI1","60.8","57","5.76","5.75","3.5"
"0.72","Premium","D","SI1","62.7","59","5.73","5.69","3.58"
"0.7","Premium","D","SI1","62.8","60","5.68","5.66","3.56"
"0.84","Fair","G","SI1","55.1","67","6.39","6.2","3.47"
"0.75","Premium","F","SI1","61.4","59","5.88","5.85","3.6"
"0.52","Ideal","F","IF","62.2","55","5.14","5.18","3.21"
"0.72","Very Good","F","VS2","63","54","5.69","5.73","3.6"
"0.79","Very Good","H","VS1","63.7","56","5.85","5.92","3.75"
"0.72","Very Good","F","VS2","63.6","58","5.66","5.69","3.61"
"0.51","Ideal","F","VVS1","62","57","5.11","5.15","3.18"
"0.64","Ideal","D","VS1","61.5","56","5.54","5.55","3.41"
"0.7","Very Good","H","VVS1","60.5","60","5.74","5.77","3.48"
"0.83","Very Good","I","VS1","61.1","60","6.07","6.1","3.72"
"0.76","Ideal","I","VVS2","61.8","56","5.85","5.87","3.62"
"0.71","Good","D","VS2","63.3","56","5.64","5.68","3.58"
"0.77","Good","G","VS1","59.4","64","5.97","5.92","3.53"
"0.71","Ideal","F","SI1","62.5","55","5.71","5.65","3.55"
"1.01","Fair","E","I1","64.5","58","6.29","6.21","4.03"
"1.01","Premium","H","SI2","62.7","59","6.31","6.22","3.93"
"0.77","Good","F","SI1","64.2","52","5.81","5.77","3.72"
"0.76","Good","E","SI1","63.7","54","5.76","5.85","3.7"
"0.76","Premium","E","SI1","60.4","58","5.92","5.94","3.58"
"0.76","Premium","E","SI1","61.8","58","5.82","5.86","3.61"
"1.05","Very Good","J","SI2","63.2","56","6.49","6.45","4.09"
"0.81","Ideal","G","SI2","61.6","56","5.97","6.01","3.69"
"0.7","Ideal","E","SI1","61.6","56","5.72","5.75","3.53"
"0.55","Ideal","G","IF","60.9","57","5.28","5.3","3.22"
"0.81","Good","G","SI2","61","61","5.94","5.99","3.64"
"0.63","Premium","E","VVS2","62.1","57","5.48","5.41","3.38"
"0.63","Premium","E","VVS1","60.9","60","5.55","5.52","3.37"
"0.77","Premium","H","VS1","61.3","60","5.9","5.88","3.61"
"1.05","Fair","J","SI2","65.8","59","6.41","6.27","4.18"
"0.64","Ideal","G","IF","61.3","56","5.54","5.58","3.41"
"0.76","Premium","I","VVS1","58.8","59","6","5.94","3.51"
"0.83","Ideal","F","SI2","62.3","55","6.02","6.05","3.76"
"0.71","Premium","F","VS1","60.1","62","5.77","5.74","3.46"
"0.71","Premium","F","VS1","61.8","59","5.73","5.69","3.53"
"0.87","Very Good","I","SI1","63.6","55.8","6.07","6.1","3.87"
"0.73","Ideal","E","SI1","62.2","56","5.74","5.78","3.58"
"0.71","Premium","E","SI1","59.2","59","5.83","5.86","3.46"
"0.71","Premium","E","SI1","61.8","59","5.7","5.75","3.54"
"0.71","Ideal","E","SI1","61.3","55","5.72","5.77","3.52"
"0.7","Premium","F","VS1","62.1","60","5.71","5.65","3.53"
"0.7","Premium","F","VS1","60.7","60","5.78","5.75","3.5"
"0.76","Premium","H","VVS2","59.6","57","5.91","5.86","3.51"
"0.7","Ideal","F","VS1","62.2","56","5.73","5.68","3.55"
"0.79","Very Good","G","SI1","60.6","57","5.98","6.06","3.65"
"0.7","Very Good","E","VS2","62.9","57","5.66","5.69","3.57"
"0.7","Good","E","VS2","64.1","55","5.6","5.66","3.61"
"0.76","Ideal","I","VS2","61.3","56","5.87","5.91","3.61"
"0.73","Ideal","H","VS2","62.7","55","5.72","5.76","3.6"
"0.79","Very Good","E","SI1","63.2","56","5.91","5.86","3.72"
"0.71","Very Good","E","VS2","60.7","56","5.81","5.82","3.53"
"0.81","Premium","I","VVS2","61.9","60","5.91","5.86","3.64"
"0.81","Ideal","F","SI2","62.6","55","5.92","5.96","3.72"
"0.72","Good","F","VS1","60.7","60","5.74","5.72","3.48"
"0.72","Premium","D","SI2","62","60","5.73","5.69","3.54"
"0.72","Premium","I","IF","63","57","5.72","5.7","3.6"
"0.81","Premium","H","VS2","58","59","6.17","6.13","3.57"
"0.72","Premium","G","VS2","62.9","57","5.73","5.65","3.58"
"1","Premium","I","SI2","58.2","60","6.61","6.55","3.83"
"0.73","Good","E","SI1","63.2","58","5.7","5.76","3.62"
"0.81","Very Good","H","SI2","61.3","59","5.94","6.01","3.66"
"0.81","Very Good","E","SI1","60.3","60","6.07","6.1","3.67"
"0.71","Premium","D","SI1","62.7","60","5.67","5.71","3.57"
"0.71","Premium","D","SI1","61.3","58","5.73","5.75","3.52"
"0.71","Premium","D","SI1","61.6","60","5.74","5.69","3.52"
"0.57","Ideal","F","VVS2","61.9","55","5.34","5.35","3.31"
"0.51","Ideal","D","VVS1","61.7","56","5.12","5.16","3.17"
"0.72","Ideal","G","VS2","61.9","58","5.72","5.75","3.55"
"0.74","Ideal","H","VS1","61.8","58","5.77","5.81","3.58"
"0.74","Ideal","H","VS1","61.6","56","5.81","5.82","3.58"
"0.7","Fair","G","VVS1","58.8","66","5.81","5.9","3.44"
"0.8","Premium","F","SI2","61","57","6.03","6.01","3.67"
"1.01","Fair","E","SI2","67.4","60","6.19","6.05","4.13"
"0.8","Very Good","H","VS2","63.4","60","5.92","5.82","3.72"
"0.77","Ideal","I","VS1","61.5","59","5.87","5.91","3.62"
"0.83","Very Good","E","SI2","58","62","6.19","6.25","3.61"
"0.82","Ideal","F","SI2","62.4","54","5.97","6.02","3.74"
"0.78","Ideal","D","SI1","61.9","57","5.91","5.86","3.64"
"0.6","Very Good","G","IF","61.6","56","5.43","5.46","3.35"
"0.9","Good","I","SI2","62.2","59","6.07","6.11","3.79"
"0.7","Premium","E","VS1","62.2","58","5.6","5.66","3.5"
"0.9","Very Good","I","SI2","61.3","56","6.17","6.23","3.8"
"0.83","Ideal","G","SI1","62.3","57","5.99","6.08","3.76"
"0.83","Ideal","G","SI1","61.8","57","6.03","6.07","3.74"
"0.83","Very Good","H","SI1","62.5","59","5.95","6.02","3.74"
"0.74","Premium","G","VS1","62.9","60","5.74","5.68","3.59"
"0.79","Ideal","I","VS1","61.8","59","5.92","5.95","3.67"
"0.61","Ideal","G","IF","62.3","56","5.43","5.45","3.39"
"0.76","Fair","G","VS1","59","70","5.89","5.8","3.46"
"0.96","Ideal","F","I1","60.7","55","6.37","6.41","3.88"
"0.73","Ideal","F","VS2","62.5","55","5.8","5.76","3.61"
"0.73","Premium","F","VS2","62.7","58","5.76","5.7","3.59"
"0.75","Ideal","H","SI1","60.4","57","5.93","5.96","3.59"
"0.71","Premium","F","VS2","62.1","58","5.7","5.67","3.53"
"0.71","Good","F","VS2","57.8","60","5.9","5.87","3.4"
"0.71","Good","F","VS2","63.8","58","5.64","5.61","3.59"
"0.71","Premium","F","VS2","62.8","57","5.69","5.64","3.56"
"1.04","Premium","G","I1","62.2","58","6.46","6.41","4"
"1","Premium","J","SI2","62.3","58","6.45","6.34","3.98"
"0.87","Very Good","G","SI2","59.9","58","6.19","6.23","3.72"
"0.53","Ideal","F","IF","61.9","54","5.22","5.25","3.24"
"0.72","Premium","E","VS2","63","55","5.79","5.61","3.59"
"0.72","Premium","F","VS1","62.4","58","5.83","5.7","3.6"
"0.7","Very Good","F","VS2","62.9","58","5.63","5.65","3.55"
"0.74","Very Good","E","SI1","63.5","56","5.74","5.79","3.66"
"0.71","Ideal","G","VS2","61.3","56","5.75","5.71","3.51"
"0.73","Ideal","E","SI1","60.6","54","5.84","5.89","3.55"
"0.7","Good","G","VS1","65.1","58","5.56","5.59","3.63"
"0.71","Premium","F","VS2","62.6","58","5.7","5.67","3.56"
"0.71","Premium","F","VS2","58","62","5.85","5.81","3.38"
"0.71","Premium","G","VS1","62.4","61","5.7","5.65","3.54"
"0.77","Premium","G","VS2","61.3","57","5.93","5.88","3.62"
"0.71","Premium","G","VS2","59.9","60","5.81","5.77","3.47"
"0.78","Premium","G","VS2","60.8","58","6.03","5.95","3.64"
"0.71","Very Good","G","VS1","63.5","55","5.66","5.64","3.59"
"0.91","Ideal","D","SI2","62.2","57","6.21","6.15","3.85"
"0.71","Very Good","E","VS2","63.8","58","5.62","5.66","3.6"
"0.71","Very Good","E","VS2","64","57","5.66","5.68","3.63"
"0.8","Very Good","E","SI2","62.5","56","5.88","5.96","3.7"
"0.7","Very Good","D","SI1","62.3","58","5.69","5.73","3.56"
"0.72","Ideal","F","VS1","61.7","57","5.74","5.77","3.55"
"0.72","Very Good","F","VS1","62.2","58","5.75","5.7","3.56"
"0.82","Ideal","H","VS2","61.5","56","6.01","6.08","3.72"
"0.7","Ideal","D","SI1","61","59","5.68","5.7","3.47"
"0.72","Ideal","D","SI1","62.2","56","5.74","5.77","3.58"
"0.72","Ideal","D","SI1","61.5","54","5.77","5.8","3.56"
"0.9","Fair","I","SI1","67.3","59","5.93","5.84","3.96"
"0.74","Premium","F","VS2","61.7","58","5.85","5.78","3.59"
"0.74","Premium","F","VS2","61.9","56","5.8","5.77","3.58"
"0.73","Ideal","E","SI2","61.8","58","5.77","5.81","3.58"
"0.57","Fair","E","VVS1","58.7","66","5.34","5.43","3.16"
"0.73","Premium","F","VS2","62.5","57","5.75","5.7","3.58"
"0.72","Ideal","G","VS2","62.8","56","5.74","5.7","3.59"
"0.74","Fair","F","VS2","61.1","68","5.82","5.75","3.53"
"0.82","Good","G","VS2","64","57","5.92","5.89","3.78"
"0.81","Very Good","G","SI1","62.5","60","5.89","5.94","3.69"
"0.75","Very Good","H","VVS1","60.6","58","5.85","5.9","3.56"
"0.7","Ideal","F","SI1","61.6","55","5.72","5.74","3.53"
"0.71","Very Good","F","VS1","62.2","58","5.66","5.72","3.54"
"0.71","Very Good","F","VS1","60","57","5.84","5.9","3.52"
"0.93","Premium","J","SI2","61.9","57","6.21","6.19","3.84"
"0.8","Very Good","H","VS2","62.8","57","5.87","5.91","3.7"
"0.7","Very Good","F","VS1","62","57","5.64","5.71","3.52"
"1","Fair","G","I1","66.4","59","6.16","6.09","4.07"
"0.75","Very Good","G","VS2","63.4","56","5.78","5.74","3.65"
"0.58","Ideal","E","VVS2","60.9","56","5.41","5.43","3.3"
"0.73","Very Good","D","SI1","63.1","57","5.74","5.7","3.61"
"0.81","Very Good","F","SI1","63.1","59","5.85","5.79","3.67"
"0.81","Premium","D","SI2","59.2","57","6.15","6.05","3.61"
"0.71","Premium","F","SI1","60.7","54","5.84","5.8","3.53"
"1.2","Fair","F","I1","64.6","56","6.73","6.66","4.33"
"0.7","Very Good","F","VS1","61.8","56","5.63","5.7","3.5"
"0.7","Very Good","F","VS1","59.9","60","5.77","5.84","3.48"
"0.74","Ideal","D","SI2","61.7","55","5.81","5.85","3.6"
"0.7","Good","F","VS1","62.8","61","5.57","5.61","3.51"
"0.8","Good","G","SI1","62.7","57","5.84","5.93","3.69"
"0.75","Very Good","F","SI1","63.4","58","5.72","5.76","3.64"
"0.83","Very Good","D","SI1","63.5","54","5.98","5.95","3.79"
"1","Fair","J","VS2","65.7","59","6.14","6.07","4.01"
"0.99","Fair","I","SI2","68.1","56","6.21","6.06","4.18"
"0.7","Very Good","G","VS1","63","60","5.57","5.64","3.53"
"0.7","Very Good","F","VS2","59.5","58","5.75","5.85","3.45"
"0.7","Good","E","SI1","63.5","59","5.49","5.53","3.5"
"0.7","Very Good","F","VS2","61.7","58","5.63","5.69","3.49"
"0.32","Premium","I","SI1","62.7","58","4.37","4.34","2.73"
"0.32","Premium","I","SI1","62.8","58","4.39","4.34","2.74"
"0.32","Ideal","I","SI1","62.4","57","4.37","4.35","2.72"
"0.32","Premium","I","SI1","61","59","4.39","4.36","2.67"
"0.32","Very Good","I","SI1","63.1","56","4.39","4.36","2.76"
"0.32","Ideal","I","SI1","60.7","57","4.47","4.42","2.7"
"0.3","Premium","H","SI1","60.9","59","4.31","4.29","2.62"
"0.3","Premium","H","SI1","60.1","55","4.41","4.38","2.64"
"0.3","Premium","H","SI1","62.9","58","4.28","4.24","2.68"
"0.3","Very Good","H","SI1","63.3","56","4.29","4.27","2.71"
"0.3","Good","H","SI1","63.8","55","4.26","4.2","2.7"
"0.3","Ideal","H","SI1","62.9","57","4.27","4.22","2.67"
"0.3","Very Good","H","SI1","63.4","60","4.25","4.23","2.69"
"0.32","Good","I","SI1","63.9","55","4.36","4.34","2.78"
"0.33","Ideal","H","SI2","61.4","56","4.85","4.79","2.95"
"0.29","Very Good","E","VS1","61.9","55","4.28","4.33","2.66"
"0.29","Very Good","E","VS1","62.4","55","4.2","4.25","2.63"
"0.31","Very Good","F","SI1","61.8","58","4.32","4.35","2.68"
"0.34","Ideal","H","VS2","61.5","56","4.47","4.5","2.76"
"0.34","Ideal","H","VS2","60.4","57","4.54","4.57","2.75"
"0.34","Ideal","I","VS1","61.8","55","4.48","4.52","2.78"
"0.34","Ideal","I","VS1","62","56","4.5","4.53","2.8"
"0.3","Ideal","G","VS1","62.3","56","4.29","4.31","2.68"
"0.29","Ideal","F","VS1","61.6","56","4.26","4.31","2.64"
"0.35","Ideal","G","SI1","60.6","56","4.56","4.58","2.77"
"0.43","Very Good","E","I1","58.4","62","4.94","5","2.9"
"0.32","Very Good","F","VS2","61.4","58","4.37","4.42","2.7"
"0.36","Ideal","I","VS2","61.9","56","4.54","4.57","2.82"
"0.3","Ideal","G","VS2","62","56","4.28","4.3","2.66"
"0.26","Ideal","E","VS1","61.5","57","4.09","4.12","2.52"
"0.7","Very Good","F","VS2","62.3","58","5.64","5.72","3.54"
"0.7","Very Good","F","VS2","60.9","61","5.66","5.71","3.46"
"0.71","Ideal","D","SI1","62.4","57","5.69","5.72","3.56"
"0.99","Fair","J","SI1","55","61","6.72","6.67","3.68"
"0.73","Premium","E","VS2","58.6","60","5.92","5.89","3.46"
"0.51","Ideal","F","VVS1","62","57","5.15","5.11","3.18"
"0.91","Premium","G","SI2","59.8","58","6.3","6.29","3.77"
"0.84","Very Good","E","SI1","63.4","55","6","5.95","3.79"
"0.91","Good","I","VS2","64.3","58","6.09","6.05","3.9"
"0.76","Premium","E","SI1","62.2","59","5.86","5.81","3.63"
"0.76","Ideal","E","SI1","61.7","57","5.88","5.85","3.62"
"0.75","Premium","E","SI1","61.1","59","5.86","5.83","3.57"
"0.55","Very Good","D","VVS1","61.5","56","5.23","5.27","3.23"
"0.76","Very Good","F","SI2","58.5","62","5.93","6.01","3.49"
"0.74","Premium","G","VS1","61.7","58","5.79","5.81","3.58"
"0.7","Ideal","H","SI1","60.4","56","5.75","5.81","3.49"
"0.7","Ideal","H","SI1","61.4","56","5.7","5.76","3.52"
"0.7","Ideal","H","SI1","61.5","55","5.73","5.79","3.54"
"0.7","Ideal","H","SI1","61.4","56","5.72","5.77","3.53"
"0.9","Fair","J","VS2","65","56","6.08","6.04","3.94"
"0.95","Fair","F","SI2","56","60","6.62","6.53","3.68"
"0.89","Premium","H","SI2","60.2","59","6.26","6.23","3.76"
"0.72","Premium","E","VS2","58.3","58","5.99","5.92","3.47"
"0.96","Fair","E","SI2","53.1","63","6.73","6.65","3.55"
"1.02","Premium","G","I1","60.3","58","6.55","6.5","3.94"
"0.78","Very Good","I","VVS2","61.4","56","5.91","5.95","3.64"
"0.61","Ideal","G","VVS2","60.1","57","5.52","5.54","3.32"
"0.71","Good","D","VS1","63.4","55","5.61","5.69","3.58"
"0.78","Premium","F","SI1","61.5","59","5.96","5.88","3.64"
"0.87","Ideal","H","SI2","62.7","56","6.16","6.13","3.85"
"0.83","Ideal","H","SI1","62.5","55","6.04","6","3.76"
"0.71","Premium","E","SI1","61.3","56","5.78","5.73","3.53"
"0.71","Ideal","I","VVS2","60.2","56","5.84","5.89","3.53"
"0.71","Ideal","E","VS2","62.7","57","5.66","5.64","3.54"
"0.71","Premium","E","VS2","62.3","58","5.69","5.65","3.53"
"0.63","Ideal","F","VVS2","61.5","56","5.48","5.52","3.38"
"0.71","Premium","E","SI1","59.2","59","5.86","5.83","3.46"
"0.71","Premium","E","SI1","61.8","59","5.75","5.7","3.54"
"0.71","Ideal","E","SI1","61.3","55","5.77","5.72","3.52"
"0.71","Premium","E","SI1","61.4","58","5.77","5.73","3.53"
"0.9","Ideal","J","VS2","62.8","55","6.2","6.16","3.88"
"0.71","Good","E","SI1","62.8","64","5.6","5.54","3.5"
"0.7","Premium","E","VS2","62.4","61","5.66","5.63","3.52"
"0.7","Premium","E","VS2","59.3","60","5.78","5.73","3.41"
"0.7","Premium","E","VS2","63","60","5.64","5.6","3.54"
"1","Premium","H","I1","61.3","60","6.43","6.39","3.93"
"0.86","Premium","F","SI2","59.3","62","6.36","6.22","3.73"
"0.8","Ideal","H","SI1","61","57","6.07","6","3.68"
"0.7","Ideal","E","VS1","62.9","57","5.66","5.61","3.54"
"0.7","Premium","E","VS1","59.6","57","5.91","5.83","3.5"
"0.7","Premium","F","VS2","61.8","60","5.69","5.64","3.5"
"0.7","Premium","E","VS1","62.7","57","5.68","5.64","3.55"
"1","Fair","H","SI2","65.3","62","6.34","6.12","4.08"
"0.72","Very Good","G","VS1","63.8","58","5.64","5.68","3.61"
"0.72","Ideal","H","VS1","62.3","56","5.73","5.77","3.58"
"0.7","Good","F","VS1","59.7","63","5.76","5.79","3.45"
"0.86","Good","F","SI2","64.3","60","5.97","5.95","3.83"
"0.71","Ideal","G","VS1","62.9","58","5.66","5.69","3.57"
"0.75","Ideal","E","SI1","62","57","5.8","5.78","3.59"
"0.73","Premium","E","VS2","61.6","59","5.77","5.73","3.54"
"0.53","Ideal","E","VVS1","61.9","55","5.2","5.21","3.22"
"0.73","Premium","E","SI1","61.3","58","5.83","5.76","3.55"
"0.73","Good","E","SI1","63.6","57","5.72","5.7","3.63"
"0.73","Premium","E","SI1","59.6","61","5.92","5.85","3.51"
"0.73","Premium","E","SI1","62.2","59","5.77","5.68","3.56"
"0.73","Premium","D","SI1","61.7","55","5.84","5.82","3.6"
"0.73","Very Good","E","SI1","63.2","58","5.76","5.7","3.62"
"0.7","Premium","E","VS1","60.8","60","5.74","5.71","3.48"
"0.72","Premium","E","VS2","60.3","59","5.84","5.8","3.51"
"0.72","Premium","E","VS2","60.9","60","5.8","5.76","3.52"
"0.72","Premium","E","VS2","62.4","59","5.77","5.7","3.58"
"0.7","Premium","E","VS2","60.2","60","5.73","5.7","3.44"
"0.6","Ideal","F","VVS2","62","55","5.37","5.4","3.34"
"0.74","Ideal","I","VVS1","60.8","57","5.85","5.89","3.57"
"0.73","Ideal","F","SI1","62.1","55","5.75","5.78","3.58"
"0.71","Premium","D","SI1","62.7","60","5.71","5.67","3.57"
"0.71","Premium","D","SI1","61.3","58","5.75","5.73","3.52"
"0.7","Premium","D","SI1","60.2","60","5.82","5.75","3.48"
"0.7","Ideal","D","SI1","60.7","56","5.75","5.72","3.48"
"0.9","Good","J","VS2","64","61","6.04","6.03","3.86"
"0.71","Ideal","D","SI1","60.2","56","5.86","5.83","3.52"
"0.7","Premium","E","VS2","61.5","59","5.73","5.68","3.51"
"0.7","Premium","E","VS2","62.6","56","5.71","5.66","3.56"
"0.7","Ideal","D","SI1","59.7","58","5.82","5.77","3.46"
"0.7","Good","E","SI1","61.4","64","5.71","5.66","3.49"
"0.7","Ideal","D","SI1","62.5","57","5.62","5.59","3.51"
"0.7","Ideal","D","SI1","61.8","56","5.73","5.63","3.51"
"0.7","Premium","E","VS2","60.7","62","5.72","5.68","3.46"
"0.7","Premium","F","VS2","60.6","58","5.8","5.72","3.49"
"0.7","Ideal","D","SI1","61.4","54","5.75","5.71","3.52"
"0.79","Very Good","D","SI2","62.8","59","5.86","5.9","3.69"
"0.9","Good","I","SI1","63.8","57","6.06","6.13","3.89"
"0.71","Premium","E","VS2","62.3","58","5.71","5.66","3.54"
"0.61","Ideal","E","VVS2","61.3","54","5.51","5.59","3.4"
"0.9","Fair","H","SI2","65.8","54","6.05","5.98","3.96"
"0.71","Ideal","E","SI1","60.5","56","5.77","5.73","3.47"
"0.71","Premium","D","VS2","61.2","59","5.74","5.69","3.5"
"0.77","Ideal","I","VVS2","62.1","57","5.84","5.86","3.63"
"0.74","Good","E","VS1","63.1","58","5.73","5.75","3.62"
"0.82","Ideal","F","SI2","62.4","54","6.02","5.97","3.74"
"0.82","Premium","E","SI2","60.8","60","6.05","6.03","3.67"
"0.71","Premium","G","VS1","62.2","59","5.73","5.66","3.54"
"0.83","Premium","H","SI1","60","59","6.08","6.05","3.64"
"0.73","Very Good","G","VS1","62","57","5.75","5.8","3.58"
"0.83","Premium","H","SI1","62.5","59","6.02","5.95","3.74"
"1.17","Premium","J","I1","60.2","61","6.9","6.83","4.13"
"0.91","Fair","H","SI2","61.3","67","6.24","6.19","3.81"
"0.73","Premium","E","VS1","62.6","60","5.75","5.68","3.58"
"0.7","Good","E","VS1","57.2","59","5.94","5.88","3.38"
"0.9","Premium","I","SI2","62.2","59","6.11","6.07","3.79"
"0.7","Premium","E","VS1","62.2","58","5.66","5.6","3.5"
"0.7","Very Good","D","VS2","63.3","56","5.6","5.58","3.54"
"0.7","Premium","E","VS1","59.4","61","5.78","5.74","3.42"
"0.9","Very Good","I","SI2","63.5","56","6.17","6.07","3.88"
"0.78","Premium","F","SI1","60.8","60","5.97","5.94","3.62"
"0.96","Ideal","F","I1","60.7","55","6.41","6.37","3.88"
"0.7","Very Good","D","SI1","62.3","59","5.67","5.7","3.54"
"0.72","Good","D","VS2","64","54","5.68","5.7","3.64"
"0.79","Premium","H","VVS2","62.6","58","5.96","5.9","3.71"
"0.7","Ideal","H","VVS1","61.6","57","5.69","5.74","3.52"
"0.7","Ideal","H","VVS1","62.3","55","5.66","5.7","3.54"
"0.7","Ideal","D","SI2","60.6","57","5.74","5.77","3.49"
"1.01","Premium","H","SI2","61.6","61","6.39","6.31","3.91"
"0.72","Premium","F","VS1","62.2","58","5.75","5.7","3.56"
"0.8","Good","E","SI2","63.7","54","5.91","5.87","3.75"
"0.59","Ideal","E","VVS1","62","56","5.36","5.38","3.33"
"0.72","Ideal","F","VS1","61.7","57","5.77","5.74","3.55"
"0.75","Premium","E","SI2","61.9","57","5.88","5.82","3.62"
"0.8","Premium","E","SI2","60.2","57","6.05","6.01","3.63"
"0.71","Very Good","E","VS2","62.7","59","5.65","5.7","3.56"
"0.77","Very Good","H","SI1","61.7","56","5.84","5.89","3.62"
"0.97","Ideal","F","I1","60.7","56","6.41","6.43","3.9"
"0.53","Ideal","F","VVS1","60.9","57","5.23","5.29","3.19"
"0.53","Ideal","F","VVS1","61.8","57","5.16","5.19","3.2"
"0.8","Ideal","I","VS2","62.1","54.4","5.94","5.99","3.7"
"0.9","Premium","G","SI1","60.6","62","6.21","6.13","3.74"
"0.76","Very Good","E","SI2","60.8","60","5.89","5.98","3.61"
"0.72","Ideal","E","SI1","62.3","57","5.7","5.76","3.57"
"0.75","Ideal","E","SI1","61.4","57","5.82","5.87","3.59"
"0.72","Premium","E","SI1","62.1","58","5.73","5.76","3.57"
"0.79","Ideal","G","SI1","61.8","56","5.93","5.91","3.66"
"0.72","Very Good","F","VS2","62.5","58","5.71","5.75","3.58"
"0.91","Very Good","I","SI2","62.8","61","6.15","6.18","3.87"
"0.71","Premium","G","VVS2","62.1","57","5.75","5.65","3.54"
"0.81","Premium","G","SI1","63","60","5.87","5.81","3.68"
"0.82","Ideal","H","SI1","62.5","57","5.91","5.97","3.71"
"0.71","Premium","F","VS1","62.2","58","5.72","5.66","3.54"
"0.9","Good","J","SI1","64.3","63","6.05","6.01","3.88"
"0.8","Very Good","I","VS2","62","58","5.86","5.95","3.66"
"0.56","Very Good","E","IF","61","59","5.28","5.34","3.24"
"0.7","Very Good","D","VS2","59.6","61","5.77","5.8","3.45"
"0.7","Ideal","D","VS2","61","57","5.74","5.76","3.51"
"0.61","Ideal","F","VVS2","61.7","55","5.45","5.48","3.37"
"0.85","Ideal","H","SI2","62.5","57","6.02","6.07","3.78"
"0.7","Ideal","F","SI1","60.7","57","5.73","5.75","3.49"
"0.8","Ideal","G","VS2","62.2","56","5.94","5.87","3.67"
"0.8","Ideal","H","VS2","62.8","57","5.91","5.87","3.7"
"0.51","Very Good","D","VVS1","59.9","58","5.16","5.19","3.1"
"0.53","Ideal","F","VVS1","61.4","57","5.2","5.23","3.2"
"0.78","Ideal","I","VS2","61.8","55","5.92","5.95","3.67"
"0.9","Very Good","J","SI1","63.4","54","6.17","6.14","3.9"
"0.9","Fair","G","SI2","65.3","59","6.07","6","3.94"
"0.77","Ideal","E","SI2","60.7","55","6.01","5.95","3.63"
"0.73","Ideal","F","VS1","61.2","56","5.89","5.81","3.58"
"0.63","Ideal","F","VVS2","61.9","57","5.47","5.51","3.4"
"0.7","Ideal","E","VS2","61.5","54","5.7","5.75","3.52"
"0.72","Ideal","E","VS2","62.8","57","5.71","5.73","3.59"
"0.72","Ideal","E","SI1","61","57","5.78","5.8","3.53"
"0.75","Premium","F","VS2","59.6","59","6.04","5.94","3.57"
"0.82","Very Good","H","SI1","60.7","56","6.04","6.06","3.67"
"0.71","Good","E","VS2","62.8","60","5.6","5.65","3.53"
"0.7","Premium","E","VS1","62.6","59","5.69","5.66","3.55"
"0.7","Ideal","E","VS1","61.8","56","5.74","5.69","3.53"
"0.71","Ideal","F","SI1","59.8","53","5.86","5.82","3.49"
"0.76","Very Good","H","SI1","60.9","55","5.92","5.94","3.61"
"0.82","Fair","F","SI1","64.9","58","5.83","5.79","3.77"
"0.72","Premium","F","VS1","58.8","60","5.91","5.89","3.47"
"0.7","Premium","F","VS2","62.3","58","5.72","5.64","3.54"
"0.7","Premium","F","VS2","61.7","58","5.69","5.63","3.49"
"0.7","Premium","G","VS1","62.6","55","5.73","5.64","3.56"
"0.7","Premium","F","VS2","59.4","61","5.83","5.79","3.45"
"0.7","Very Good","E","SI1","63.5","59","5.53","5.49","3.5"
"0.7","Premium","F","VS2","60.9","61","5.71","5.66","3.46"
"0.7","Premium","F","VS2","59.5","58","5.85","5.75","3.45"
"0.7","Premium","G","VS1","63","60","5.64","5.57","3.53"
"0.74","Very Good","E","SI1","60","57","5.85","5.89","3.52"
"0.71","Ideal","F","VS1","61.5","57","5.74","5.71","3.52"
"0.7","Ideal","F","VS1","61.6","54","5.75","5.72","3.53"
"0.71","Ideal","F","VS1","62.1","55","5.82","5.68","3.57"
"0.71","Premium","F","VS1","59.1","61","5.84","5.81","3.44"
"0.71","Premium","F","VS1","59","60","5.82","5.8","3.43"
"0.71","Premium","F","VS1","60.5","58","5.75","5.72","3.47"
"0.7","Ideal","F","VS1","62.4","53","5.73","5.71","3.57"
"0.73","Ideal","G","VS2","61.8","54","5.8","5.82","3.59"
"0.7","Ideal","E","VS2","62.1","54","5.69","5.72","3.54"
"0.7","Ideal","G","VS1","61.3","57","5.71","5.74","3.51"
"0.71","Premium","G","VVS2","60.3","58","5.82","5.78","3.5"
"0.71","Premium","F","VS1","59.2","58","5.87","5.82","3.46"
"0.79","Premium","G","VS2","59.3","62","6.09","6.01","3.59"
"0.71","Premium","F","VS1","62.7","59","5.7","5.62","3.55"
"0.77","Very Good","H","VS1","61","60","5.9","5.87","3.59"
"0.75","Very Good","F","SI2","59.8","56","5.85","5.92","3.52"
"0.7","Ideal","F","SI1","61","56","5.75","5.8","3.52"
"0.71","Premium","F","VS2","59.3","56","5.88","5.82","3.47"
"0.92","Ideal","D","SI2","61.9","56","6.27","6.2","3.86"
"0.83","Premium","F","SI2","61.4","59","6.08","6.04","3.72"
"0.7","Premium","H","VVS1","59.2","60","5.87","5.78","3.45"
"0.73","Premium","F","VS2","60.3","59","5.9","5.87","3.55"
"0.71","Very Good","D","VS1","63.4","55","5.69","5.61","3.58"
"0.73","Very Good","D","SI1","63.9","57","5.66","5.71","3.63"
"0.82","Ideal","F","SI2","61.7","53","6","6.12","3.74"
"0.82","Ideal","F","SI2","62.3","56","5.96","6.02","3.73"
"0.82","Very Good","F","SI2","59.7","57","6.12","6.14","3.66"
"0.52","Ideal","F","VVS1","61.2","56","5.19","5.21","3.18"
"1","Premium","F","I1","58.9","60","6.6","6.55","3.87"
"0.95","Fair","G","SI1","66.7","56","6.16","6.03","4.06"
"0.73","Ideal","D","SI1","61.4","57","5.76","5.8","3.55"
"0.73","Premium","F","VS2","59.9","59","5.87","5.77","3.5"
"0.73","Premium","G","VS1","61.4","58","5.82","5.77","3.56"
"0.8","Ideal","I","VS1","62.6","54","5.92","5.96","3.72"
"0.7","Premium","F","VS2","58.7","61","5.8","5.72","3.38"
"0.7","Very Good","E","VS2","60.2","62","5.71","5.75","3.45"
"0.7","Very Good","E","VS2","62.7","58","5.65","5.67","3.55"
"0.71","Very Good","E","VS2","59.4","58","5.76","5.82","3.44"
"0.81","Very Good","F","SI2","63.2","58","5.91","5.92","3.74"
"0.71","Very Good","D","SI1","61.5","58","5.73","5.79","3.54"
"0.73","Ideal","G","VVS2","61.3","57","5.81","5.84","3.57"
"0.73","Very Good","F","VS1","61.8","59","5.73","5.79","3.56"
"0.72","Ideal","E","VS2","62","57","5.71","5.74","3.55"
"0.81","Ideal","F","SI2","62.1","57","5.91","5.95","3.68"
"0.71","Ideal","G","VVS2","60.7","57","5.81","5.78","3.52"
"0.73","Very Good","E","SI1","57.7","61","5.92","5.96","3.43"
"0.7","Very Good","E","VS1","62","59","5.65","5.68","3.51"
"1.01","Ideal","I","I1","61.5","57","6.45","6.46","3.97"
"1.01","Good","I","I1","63.1","57","6.35","6.39","4.02"
"0.79","Ideal","H","VS2","62.5","57","5.91","5.93","3.7"
"0.7","Very Good","E","VS2","61.8","59","5.65","5.68","3.5"
"0.7","Very Good","E","VS2","58.9","60","5.83","5.85","3.44"
"0.8","Good","H","VS2","63.4","60","5.92","5.82","3.72"
"1.27","Premium","H","SI2","59.3","61","7.12","7.05","4.2"
"0.79","Ideal","D","SI1","61.5","56","5.96","5.91","3.65"
"0.72","Very Good","F","VS1","60.2","59","5.79","5.84","3.5"
"0.73","Ideal","H","VVS2","61.6","56","5.79","5.84","3.58"
"1.01","Fair","H","SI2","65.4","59","6.3","6.26","4.11"
"1.01","Good","H","I1","64.2","61","6.25","6.18","3.99"
"0.73","Ideal","E","SI1","59.1","59","5.92","5.95","3.51"
"0.7","Ideal","E","SI1","61.6","57","5.71","5.76","3.53"
"0.7","Good","F","VS2","59.1","61","5.76","5.84","3.43"
"0.77","Premium","E","SI1","62.9","59","5.84","5.79","3.66"
"0.77","Premium","G","VS2","61.3","60","5.91","5.81","3.59"
"0.77","Premium","G","VS1","61.4","58","5.94","5.89","3.63"
"0.84","Very Good","H","SI1","61.2","57","6.1","6.12","3.74"
"0.72","Ideal","E","SI1","60.3","57","5.83","5.85","3.52"
"0.76","Premium","D","SI1","61.1","59","5.93","5.88","3.61"
"0.7","Very Good","G","VVS2","62.9","59","5.61","5.68","3.55"
"0.54","Ideal","D","VVS2","61.5","55","5.25","5.29","3.24"
"0.75","Fair","D","SI2","64.6","57","5.74","5.72","3.7"
"0.79","Good","E","SI1","64.1","54","5.86","5.84","3.75"
"0.74","Very Good","E","VS1","63.1","58","5.75","5.73","3.62"
"0.7","Very Good","E","VS2","61","60","5.74","5.77","3.51"
"0.7","Ideal","F","VS2","60.8","59","5.69","5.79","3.49"
"0.75","Ideal","J","SI1","61.5","56","5.83","5.87","3.6"
"1.2","Very Good","H","I1","63.1","60","6.75","6.67","4.23"
"0.8","Very Good","F","SI1","63.4","57","5.89","5.82","3.71"
"0.66","Ideal","D","VS1","62.1","56","5.54","5.57","3.45"
"0.87","Very Good","F","SI2","61","63","6.22","6.07","3.75"
"0.86","Premium","H","SI1","62.7","59","6.04","5.98","3.77"
"0.74","Ideal","F","SI1","61","57","5.85","5.81","3.56"
"0.58","Very Good","E","IF","60.6","59","5.37","5.43","3.27"
"0.78","Ideal","I","VS1","61.5","57","5.88","5.92","3.63"
"0.74","Ideal","G","SI1","61.3","55","5.85","5.86","3.59"
"0.73","Ideal","E","SI1","62.7","55","5.7","5.79","3.6"
"0.91","Very Good","I","SI1","63.5","57","6.12","6.07","3.87"
"0.71","Premium","F","VS2","62.6","58","5.67","5.7","3.56"
"0.71","Good","G","VS1","63.5","55","5.64","5.66","3.59"
"0.79","Ideal","D","SI2","62.8","57","5.9","5.85","3.69"
"0.79","Premium","D","SI2","60","60","6.07","6.03","3.63"
"0.71","Premium","E","SI1","62.7","58","5.73","5.66","3.57"
"0.82","Premium","I","VS1","61.9","58","5.99","5.97","3.7"
"0.78","Very Good","H","VS1","61.9","57.1","5.87","5.95","3.66"
"0.7","Very Good","E","VS1","62.4","56","5.64","5.7","3.54"
"1.12","Premium","H","I1","59.1","61","6.78","6.75","4"
"0.73","Premium","E","VS2","62","57","5.86","5.76","3.6"
"0.91","Fair","J","VS2","64.4","62","6.06","6.03","3.89"
"0.91","Fair","J","VS2","65.4","60","6.04","6","3.94"
"0.91","Good","J","VS2","64.2","58","6.12","6.09","3.92"
"0.91","Fair","H","SI1","65.8","58","6.04","6.01","3.96"
"0.7","Premium","E","VS1","58.4","59","5.91","5.83","3.43"
"0.68","Premium","F","VVS2","61.7","57","5.67","5.64","3.49"
"0.73","Very Good","F","VS2","62.5","57","5.7","5.75","3.58"
"1.03","Good","J","SI1","63.6","57","6.38","6.29","4.03"
"0.74","Premium","D","VS2","62.4","57","5.8","5.74","3.6"
"0.98","Fair","E","SI2","53.3","67","6.82","6.74","3.61"
"1.02","Fair","I","SI1","53","63","6.84","6.77","3.66"
"1","Fair","G","SI2","67.8","61","5.96","5.9","4.02"
"1.02","Ideal","H","SI2","61.6","55","6.49","6.43","3.98"
"0.6","Ideal","F","VVS2","60.8","57","5.44","5.49","3.32"
"0.8","Ideal","G","SI2","61.6","56","5.97","6.01","3.69"
"0.97","Ideal","F","I1","60.7","56","6.43","6.41","3.9"
"1","Fair","I","SI1","67.9","62","6.19","6.03","4.15"
"0.26","Ideal","E","VS1","62.3","57","4.05","4.08","2.53"
"0.26","Ideal","E","VS1","62.1","56","4.09","4.12","2.55"
"0.36","Ideal","H","SI1","61.9","55","4.57","4.59","2.83"
"0.34","Good","G","VS2","57.5","61","4.6","4.66","2.66"
"0.34","Good","E","SI1","63.3","57","4.44","4.47","2.82"
"0.34","Good","E","SI1","63.5","55","4.44","4.47","2.83"
"0.34","Good","E","SI1","63.4","55","4.44","4.46","2.82"
"0.34","Very Good","G","VS2","59.6","62","4.54","4.56","2.71"
"0.34","Ideal","E","SI1","62.2","54","4.47","4.5","2.79"
"0.32","Good","E","VS2","64.1","54","4.34","4.37","2.79"
"0.31","Ideal","I","VVS1","61.6","55","4.36","4.41","2.7"
"0.31","Ideal","I","VVS1","61.3","56","4.36","4.38","2.68"
"0.31","Ideal","I","VVS1","62.3","54","4.37","4.4","2.73"
"0.31","Ideal","I","VVS1","62","54","4.37","4.4","2.72"
"0.31","Ideal","I","VVS1","62.7","53","4.33","4.35","2.72"
"0.31","Ideal","I","VVS1","62.2","53","4.36","4.38","2.72"
"0.31","Ideal","G","VS2","62.2","53.6","4.32","4.35","2.7"
"0.31","Ideal","H","VS1","61.6","54.8","4.35","4.37","2.69"
"0.31","Ideal","H","VS1","61.8","54.2","4.33","4.37","2.69"
"0.33","Premium","G","SI2","59.4","59","4.52","4.5","2.68"
"0.33","Premium","F","SI2","62.3","58","4.43","4.4","2.75"
"0.33","Premium","G","SI2","62.6","58","4.42","4.4","2.76"
"0.33","Ideal","G","SI2","61.9","56","4.45","4.41","2.74"
"0.33","Premium","F","SI2","63","58","4.42","4.4","2.78"
"0.33","Premium","J","VS1","62.8","58","4.41","4.38","2.76"
"0.33","Premium","J","VS1","61.5","61","4.46","4.39","2.72"
"0.33","Ideal","J","VS1","62.1","55","4.44","4.41","2.75"
"0.33","Ideal","I","SI1","63","57","4.39","4.37","2.76"
"0.33","Good","I","SI1","63.6","53","4.43","4.4","2.81"
"0.33","Premium","I","SI1","60.4","59","4.54","4.5","2.73"
"1","Fair","H","SI2","66.1","56","6.21","5.97","4.04"
"0.77","Premium","F","SI1","60.8","59","5.92","5.86","3.58"
"0.77","Premium","F","SI1","61","58","5.94","5.9","3.61"
"0.7","Good","E","VVS2","60.1","63","5.68","5.71","3.42"
"0.9","Very Good","G","SI2","63.1","58","6.08","6.02","3.82"
"0.72","Ideal","E","SI1","62.3","57","5.76","5.7","3.57"
"0.9","Premium","I","VS2","61.9","59","6.2","6.14","3.82"
"0.72","Premium","E","SI1","62.1","58","5.76","5.73","3.57"
"0.7","Ideal","G","VVS2","62.1","56","5.63","5.71","3.52"
"0.81","Very Good","F","SI1","61.3","57","6.02","6.05","3.7"
"0.81","Very Good","F","SI1","61.7","57","6","6.05","3.72"
"0.71","Premium","E","VS2","61","60","5.76","5.69","3.49"
"0.7","Premium","E","VS2","61.4","59","5.73","5.7","3.51"
"0.71","Premium","E","VS2","61.5","60","5.76","5.68","3.52"
"0.71","Very Good","E","VS2","63.5","59","5.68","5.59","3.58"
"0.92","Premium","J","SI1","62.9","58","6.22","6.18","3.9"
"0.76","Ideal","E","SI1","62.7","54","5.88","5.83","3.67"
"0.73","Ideal","D","SI1","61.5","56","5.84","5.8","3.58"
"0.71","Premium","D","VS2","60.4","62","5.74","5.72","3.46"
"0.7","Good","E","VVS2","63.6","62","5.61","5.58","3.56"
"0.9","Fair","G","SI2","64.5","56","6.06","6","3.89"
"0.71","Fair","D","VS2","56.9","65","5.89","5.84","3.34"
"0.7","Ideal","D","VS2","61","57","5.76","5.74","3.51"
"0.7","Premium","D","VS2","62.4","56","5.72","5.66","3.55"
"0.77","Premium","F","VS1","60.9","60","5.91","5.88","3.59"
"0.71","Ideal","G","VS1","61.5","56","5.74","5.78","3.54"
"0.7","Premium","D","VS2","59.6","61","5.8","5.77","3.45"
"0.75","Fair","F","VS1","55.8","70","6.09","5.98","3.37"
"0.83","Premium","E","SI2","59.2","60","6.17","6.12","3.64"
"0.71","Very Good","F","VS2","61.3","61","5.68","5.73","3.5"
"0.9","Very Good","J","SI2","63.6","58","6.07","6.1","3.87"
"0.6","Ideal","E","VVS2","61.9","54.9","5.41","5.44","3.35"
"0.71","Premium","D","VS1","62.9","57","5.66","5.6","3.54"
"0.53","Ideal","F","VVS1","61.4","57","5.23","5.2","3.2"
"0.71","Premium","D","SI1","60.7","58","5.95","5.78","3.56"
"0.62","Ideal","G","VVS2","61.6","56","5.45","5.48","3.37"
"0.62","Ideal","G","VVS2","61.6","56","5.48","5.51","3.38"
"0.9","Premium","I","SI1","63","58","6.09","6.01","3.81"
"0.62","Fair","F","IF","60.1","61","5.53","5.56","3.33"
"0.82","Premium","E","SI2","61.7","59","6.01","5.98","3.7"
"0.66","Premium","D","VS1","61","58","5.67","5.57","3.43"
"0.7","Very Good","D","SI1","62.5","55","5.67","5.72","3.56"
"0.8","Very Good","F","SI1","62.6","58","5.9","5.92","3.7"
"0.8","Very Good","D","SI2","62.5","59","5.88","5.92","3.69"
"0.79","Premium","F","SI1","62.3","54","5.97","5.91","3.7"
"0.71","Very Good","F","VVS1","63.2","60","5.65","5.61","3.56"
"0.7","Ideal","H","VS2","61.1","57","5.71","5.74","3.5"
"0.7","Very Good","E","VS2","58.7","63","5.73","5.69","3.35"
"0.79","Premium","H","VS1","60","60","6.07","5.99","3.64"
"0.7","Premium","E","VS2","59.5","59","5.82","5.77","3.45"
"1.22","Premium","E","I1","60.9","57","6.93","6.88","4.21"
"1.01","Fair","E","SI2","67.6","57","6.21","6.11","4.18"
"0.73","Premium","E","VS2","62.5","61","5.78","5.64","3.59"
"0.91","Good","I","VS2","64.3","58","6.05","6.09","3.9"
"0.71","Ideal","D","SI1","60.8","56","5.8","5.77","3.52"
"0.83","Premium","G","SI1","62.3","58","6.01","5.97","3.73"
"0.84","Premium","F","SI2","62.3","59","6.06","6.01","3.76"
"0.71","Premium","D","SI1","61","61","5.82","5.75","3.53"
"0.71","Premium","D","SI1","59.7","59","5.82","5.8","3.47"
"0.71","Premium","D","SI1","61.7","56","5.8","5.68","3.54"
"0.71","Ideal","D","SI1","61.7","57","5.75","5.7","3.53"
"0.71","Premium","D","SI1","61.4","58","5.79","5.75","3.54"
"0.71","Premium","D","SI1","60.6","58","5.79","5.77","3.5"
"0.91","Premium","J","SI1","59.5","62","6.4","6.18","3.74"
"0.9","Premium","J","VS2","59.8","62","6.24","6.21","3.72"
"0.71","Premium","H","VVS2","61.5","62","5.74","5.68","3.51"
"0.71","Premium","E","SI1","59.1","61","5.84","5.8","3.44"
"0.72","Ideal","F","VS2","59.5","57","5.91","5.86","3.5"
"0.72","Premium","E","SI1","60.9","60","5.78","5.74","3.51"
"0.71","Ideal","E","VS2","61","55","5.79","5.75","3.52"
"0.81","Ideal","E","SI2","60.3","57","6.07","6.04","3.65"
"0.83","Very Good","I","VS2","61.6","58","6.05","6.07","3.73"
"0.73","Premium","D","SI1","60.8","55","5.87","5.81","3.55"
"0.56","Very Good","D","VVS1","62","56","5.25","5.3","3.27"
"0.56","Very Good","D","VVS1","61.8","55","5.27","5.31","3.27"
"0.71","Ideal","E","VS1","62.2","55","5.74","5.7","3.56"
"0.7","Ideal","H","VVS1","62.3","58","5.66","5.7","3.54"
"0.96","Premium","I","SI1","61.3","58","6.39","6.3","3.89"
"0.71","Very Good","H","VVS1","62.9","57","5.67","5.69","3.57"
"0.7","Ideal","D","VS2","62.4","57","5.68","5.61","3.52"
"0.71","Ideal","H","VVS1","60.4","57","5.78","5.81","3.5"
"0.8","Premium","H","VS2","61.2","53","6.05","5.98","3.68"
"0.95","Premium","F","SI2","58.4","57","6.49","6.41","3.77"
"0.82","Ideal","F","SI2","62.3","56","5.99","5.95","3.72"
"0.52","Ideal","F","VVS1","61.2","56","5.21","5.19","3.18"
"0.82","Ideal","F","SI2","61.7","53","6.12","6","3.74"
"0.82","Ideal","F","SI2","62.3","56","6.02","5.96","3.73"
"0.82","Premium","F","SI2","59.7","57","6.14","6.12","3.66"
"0.8","Ideal","G","SI1","61.3","57","5.96","5.91","3.64"
"0.96","Fair","F","SI2","68.2","61","6.07","5.88","4.1"
"0.72","Ideal","I","VS1","62.4","55","5.72","5.75","3.58"
"0.62","Ideal","G","IF","60.5","57","5.52","5.56","3.35"
"0.79","Premium","E","SI2","61","58","5.96","5.9","3.62"
"0.75","Very Good","E","SI1","63.1","56","5.78","5.7","3.62"
"1.08","Premium","D","I1","61.9","60","6.55","6.48","4.03"
"0.72","Ideal","E","SI1","60.8","55","5.77","5.84","3.53"
"0.62","Ideal","G","IF","61.8","56","5.43","5.47","3.37"
"0.73","Ideal","G","VVS2","61.3","57","5.84","5.81","3.57"
"0.72","Ideal","H","VVS2","60.9","57","5.79","5.77","3.52"
"0.52","Premium","F","VVS2","61.8","60","5.16","5.13","3.18"
"0.83","Ideal","E","SI2","62.2","57","6","6.05","3.75"
"0.64","Premium","E","VVS2","62.1","58","5.56","5.51","3.44"
"0.8","Ideal","G","SI1","62.5","57","5.94","5.9","3.7"
"0.74","Ideal","H","SI1","62.1","56","5.77","5.83","3.6"
"0.72","Ideal","F","SI1","61.5","56","5.72","5.79","3.54"
"0.82","Ideal","H","VS2","59.5","57","6.12","6.09","3.63"
"0.73","Premium","E","VS1","61.3","59","5.81","5.78","3.55"
"1.04","Premium","I","I1","61.6","61","6.47","6.45","3.98"
"0.73","Very Good","E","SI1","61.3","58","5.76","5.83","3.55"
"0.73","Good","E","SI1","63.6","57","5.7","5.72","3.63"
"0.9","Premium","J","SI1","62.8","59","6.13","6.03","3.82"
"0.75","Ideal","I","SI1","61.8","55","5.83","5.85","3.61"
"0.79","Ideal","G","SI1","62.6","55","5.91","5.95","3.71"
"0.7","Good","D","SI1","62.5","56.7","5.59","5.62","3.51"
"0.75","Very Good","D","SI1","60.7","55","5.87","5.92","3.58"
"1.02","Ideal","I","I1","61.7","56","6.44","6.49","3.99"
"0.7","Very Good","G","SI2","59","62","5.79","5.81","3.42"
"0.7","Ideal","D","SI1","61.8","56","5.63","5.73","3.51"
"0.7","Good","E","SI1","61.4","64","5.66","5.71","3.49"
"0.7","Ideal","D","SI1","61.4","54","5.71","5.75","3.52"
"0.7","Ideal","D","SI1","60.7","56","5.72","5.75","3.48"
"0.7","Very Good","D","SI1","60.2","60","5.75","5.82","3.48"
"0.72","Very Good","E","VS2","58.3","57","5.89","5.94","3.45"
"0.74","Ideal","E","SI1","62.3","58","5.74","5.78","3.59"
"0.84","Good","G","SI1","65.1","55","5.88","5.97","3.86"
"0.76","Very Good","F","VS2","62","58","5.8","5.86","3.62"
"0.77","Very Good","E","SI1","63.2","58","5.8","5.84","3.68"
"0.76","Ideal","E","SI2","62.8","56","5.78","5.82","3.64"
"1","Ideal","I","SI2","61.7","56","6.45","6.41","3.97"
"1","Fair","H","SI1","65.5","62","6.14","6.07","4"
"0.9","Fair","I","SI1","65.7","58","6.03","6","3.95"
"0.9","Premium","J","SI1","61.8","58","6.16","6.13","3.8"
"0.9","Good","J","SI1","64","61","6","5.96","3.83"
"0.9","Fair","I","SI1","65.3","61","5.98","5.94","3.89"
"0.9","Fair","I","SI1","65.8","56","6.01","5.96","3.94"
"0.9","Premium","J","SI1","60.9","61","6.26","6.22","3.8"
"0.78","Premium","F","VS2","62.6","58","5.91","5.82","3.67"
"0.71","Premium","D","VS2","61.2","59","5.69","5.74","3.5"
"0.7","Premium","F","VS1","59","59","5.79","5.77","3.41"
"0.7","Premium","F","VS1","60.8","62","5.71","5.67","3.46"
"0.7","Premium","G","VVS2","61.8","58","5.67","5.63","3.49"
"0.7","Ideal","F","VS1","61","55","5.77","5.73","3.51"
"0.7","Ideal","F","VS1","61.6","55","5.75","5.71","3.53"
"0.7","Ideal","F","VS1","62.4","56","5.69","5.65","3.54"
"0.7","Premium","G","VVS2","62.9","59","5.68","5.61","3.55"
"1","Fair","H","SI2","67.7","60","6.11","5.98","4.09"
"0.77","Ideal","H","SI1","62.4","56","5.84","5.9","3.66"
"1","Fair","J","VS1","65.5","55","6.3","6.25","4.11"
"1","Fair","I","SI1","66.3","61","6.08","6.03","4.01"
"1","Fair","H","SI2","69.5","55","6.17","6.1","4.26"
"0.73","Premium","E","VS1","62.6","60","5.68","5.75","3.58"
"0.79","Premium","E","VS2","60.6","53","6.04","5.98","3.64"
"0.72","Very Good","H","VS1","62.2","54","5.74","5.76","3.57"
"0.71","Ideal","E","VS1","62.4","56","5.75","5.7","3.57"
"0.74","Ideal","G","VS2","62.3","55","5.8","5.83","3.62"
"0.7","Good","H","VVS1","62.7","56","5.6","5.66","3.53"
"0.7","Good","F","VS1","59.1","62","5.82","5.86","3.44"
"0.79","Very Good","F","SI1","62.8","59","5.86","5.89","3.69"
"0.79","Very Good","F","SI1","62.7","60","5.82","5.89","3.67"
"0.79","Very Good","D","SI2","59.7","58","6","6.07","3.6"
"0.71","Ideal","I","VS2","61.5","55","5.76","5.78","3.55"
"0.79","Ideal","F","SI1","62.8","56","5.88","5.9","3.7"
"0.73","Very Good","F","SI1","61.4","56","5.81","5.86","3.58"
"0.63","Premium","E","IF","60.3","62","5.55","5.53","3.34"
"0.7","Premium","F","VS1","60.4","60","5.73","5.7","3.45"
"0.71","Premium","F","VS1","62.7","58","5.71","5.67","3.57"
"0.84","Ideal","G","SI2","61","56","6.13","6.1","3.73"
"0.84","Ideal","G","SI2","62.3","55","6.08","6.03","3.77"
"1.02","Ideal","J","SI2","60.3","54","6.53","6.5","3.93"
"0.72","Fair","F","VS1","56.9","69","5.93","5.77","3.33"
"0.72","Ideal","F","VS1","62","56","5.76","5.73","3.56"
"0.92","Very Good","J","SI2","58.7","61","6.34","6.43","3.75"
"0.74","Very Good","D","SI1","63.9","57","5.72","5.74","3.66"
"0.7","Ideal","H","VVS1","62","55","5.74","5.71","3.55"
"0.71","Very Good","E","VS2","60","59","5.84","5.83","3.5"
"1.05","Premium","H","I1","62","59","6.5","6.47","4.02"
"0.7","Very Good","H","IF","62.8","56","5.62","5.65","3.54"
"0.54","Ideal","F","VVS1","61.8","56","5.23","5.26","3.24"
"0.73","Premium","F","VS2","59.9","58","5.87","5.84","3.51"
"0.88","Fair","F","SI1","56.6","65","6.39","6.32","3.6"
"0.73","Premium","F","VS2","58.7","57","5.97","5.92","3.49"
"0.72","Ideal","D","SI1","61.8","56","5.75","5.81","3.57"
"0.9","Good","H","SI2","62.7","64","6.09","6","3.79"
"0.9","Fair","H","SI2","65","61","6.01","5.96","3.89"
"1.03","Fair","I","SI2","65.3","55","6.32","6.27","4.11"
"0.84","Very Good","F","SI1","63.8","57","5.95","6","3.81"
"1.01","Premium","I","SI1","62.7","60","6.36","6.27","3.96"
"0.77","Ideal","D","SI2","61.5","55","5.9","5.93","3.64"
"0.8","Fair","E","SI1","56.3","63","6.22","6.14","3.48"
"0.9","Fair","D","SI2","66.9","57","6.02","5.9","3.99"
"0.73","Ideal","E","SI1","61.4","56","5.79","5.81","3.56"
"0.72","Ideal","E","SI1","62.7","55","5.64","5.69","3.55"
"0.71","Very Good","D","SI1","62.4","54","5.71","5.79","3.59"
"0.7","Premium","E","VS1","62.6","59","5.66","5.69","3.55"
"0.79","Ideal","I","VS1","61.7","59","5.93","5.96","3.67"
"0.72","Very Good","G","VVS2","62.5","58","5.68","5.72","3.56"
"0.7","Very Good","E","VS2","63.5","54","5.62","5.66","3.58"
"0.7","Very Good","F","VS1","62.2","58","5.64","5.75","3.54"
"0.9","Good","H","SI2","63.5","58","6.09","6.14","3.88"
"0.71","Very Good","F","VS1","62.8","56","5.69","5.72","3.58"
"0.5","Ideal","E","VVS2","62.2","54","5.08","5.12","3.17"
"0.5","Ideal","E","VVS2","62.2","54","5.09","5.11","3.17"
"0.74","Ideal","F","SI1","61.2","56","5.83","5.87","3.58"
"0.77","Premium","F","VS2","61.8","56","5.94","5.9","3.66"
"0.77","Premium","E","SI1","59.8","61","5.99","5.95","3.57"
"0.8","Ideal","F","SI1","61.5","54","6.07","6","3.71"
"0.8","Ideal","F","SI1","62.4","57","5.9","5.87","3.67"
"0.8","Premium","F","SI1","61.5","60","5.97","5.94","3.66"
"0.8","Good","F","SI1","63.8","59","5.87","5.83","3.73"
"0.66","Ideal","G","VVS1","61.5","56","5.61","5.58","3.44"
"0.71","Very Good","E","VS2","61.2","58","5.71","5.79","3.52"
"0.71","Ideal","F","VS2","61.2","56","5.73","5.77","3.52"
"0.71","Ideal","E","VS2","61.6","56","5.74","5.76","3.54"
"0.71","Ideal","E","VS2","62.7","56","5.71","5.75","3.59"
"0.72","Ideal","D","SI1","61.1","56","5.78","5.81","3.54"
"0.71","Good","D","VS2","62.3","61","5.7","5.73","3.56"
"0.86","Ideal","H","SI2","61.8","55","6.12","6.14","3.79"
"1.19","Fair","H","I1","65.1","59","6.62","6.55","4.29"
"0.71","Very Good","F","VS1","62.6","55","5.66","5.71","3.56"
"0.82","Very Good","G","SI2","62.5","56","5.99","6.04","3.76"
"0.71","Ideal","G","VVS2","61.5","57","5.73","5.75","3.53"
"0.75","Ideal","F","VS2","62.5","57","5.78","5.83","3.63"
"0.7","Very Good","H","VVS1","59.2","60","5.87","5.78","3.45"
"0.8","Ideal","G","SI2","62.5","55","5.89","5.92","3.69"
"0.82","Good","G","SI2","59.9","62","6.02","6.04","3.61"
"0.82","Very Good","G","SI1","63.4","55","6","5.93","3.78"
"0.82","Premium","G","SI1","59.9","59","6.09","6.06","3.64"
"0.81","Very Good","E","SI2","62.4","57","5.91","5.99","3.71"
"0.81","Ideal","G","SI2","62.2","57","5.96","6","3.72"
"0.76","Ideal","F","SI1","61.4","56","5.88","5.92","3.62"
"0.71","Very Good","G","VS2","60.9","56","5.75","5.78","3.51"
"0.7","Very Good","F","VS1","61.8","59","5.66","5.76","3.53"
"0.7","Ideal","G","VVS2","62.1","53","5.71","5.75","3.56"
"0.74","Very Good","G","VS1","59.8","58","5.85","5.89","3.51"
"0.77","Very Good","G","VS2","61.3","60","5.81","5.91","3.59"
"0.77","Very Good","G","VS2","58.3","63","6","6.05","3.51"
"0.53","Ideal","F","VVS1","61.6","56","5.18","5.24","3.21"
"0.79","Ideal","D","SI1","61.5","56","5.91","5.96","3.65"
"0.73","Ideal","E","SI2","61.5","55","5.82","5.86","3.59"
"0.77","Ideal","D","SI2","62.1","56","5.83","5.89","3.64"
"0.77","Premium","E","SI1","60.9","58","5.94","5.88","3.6"
"1.01","Very Good","I","I1","63.1","57","6.39","6.35","4.02"
"1.01","Ideal","I","I1","61.5","57","6.46","6.45","3.97"
"0.6","Very Good","D","VVS2","60.6","57","5.48","5.51","3.33"
"0.76","Premium","E","SI1","61.1","58","5.91","5.85","3.59"
"0.54","Ideal","D","VVS2","61.4","52","5.3","5.34","3.26"
"0.72","Ideal","E","SI1","62.5","55","5.69","5.74","3.57"
"0.72","Good","F","VS1","59.4","61","5.82","5.89","3.48"
"0.74","Premium","D","VS2","61.8","58","5.81","5.77","3.58"
"1.12","Premium","J","SI2","60.6","59","6.68","6.61","4.03"
